Tipo de Prueba,N,M,P,Tamaño de Mem. Full Float (MB),Tamaño de Mem. Mixed16 (MB),Tiempo GPU Shared (ms),Tiempo GPU WMMA (ms),Distancia Infinita,MSE
Variaciones,100,100,100,0.152588,0.114441,0.029600,0.022304,424.491669,13.607549
Variaciones,500,500,500,3.814697,2.861023,0.521504,0.039008,68276.351562,13468.245117
Variaciones,1000,1000,1000,15.258789,11.444092,3.801760,0.058944,263389.750000,61694.195312
Estrés,2000,2000,2000,61.035156,45.776367,29.099680,0.115040,1048873.875000,255599.296875
Estrés,4000,4000,4000,244.140625,183.105469,205.097214,0.151904,4102406.250000,1039562.250000
Estrés,10000,10000,10000,1525.878906,1144.409180,2137.156250,0.320960,25542606.000000,1407374.875000
