Tipo de Prueba,N,M,P,Tamaño de Mem. Full Float (MB),Tamaño de Mem. Mixed16 (MB),Tiempo GPU Shared (ms),Tiempo GPU WMMA (ms),Distancia Infinita,MSE
Variaciones,100,100,100,0.114441,0.076294,0.026624,0.014176,2961.534180,636.975708
Variaciones,500,500,500,2.861023,1.907349,0.580096,0.152992,68275.523438,15794.855469
Variaciones,1000,1000,1000,11.444092,7.629395,4.276288,0.579168,262998.968750,50825.542969
Estrés,2000,2000,2000,45.776367,30.517578,32.586594,4.753952,531965750934956408832.000000,inf
Estrés,4000,4000,4000,183.105469,122.070312,218.952835,25.467936,531965750934956408832.000000,inf
Estrés,10000,10000,10000,1144.409180,762.939453,2299.372559,371.147461,531965750934956408832.000000,inf
